-- phpMyAdmin SQL Dump
-- version 5.2.0
-- https://www.phpmyadmin.net/
--
-- Host: localhost
-- Generation Time: Jul 24, 2022 at 05:49 PM
-- Server version: 10.4.21-MariaDB
-- PHP Version: 7.4.29

SET SQL_MODE = "NO_AUTO_VALUE_ON_ZERO";
START TRANSACTION;
SET time_zone = "+00:00";


/*!40101 SET @OLD_CHARACTER_SET_CLIENT=@@CHARACTER_SET_CLIENT */;
/*!40101 SET @OLD_CHARACTER_SET_RESULTS=@@CHARACTER_SET_RESULTS */;
/*!40101 SET @OLD_COLLATION_CONNECTION=@@COLLATION_CONNECTION */;
/*!40101 SET NAMES utf8mb4 */;

--
-- Database: `tokopekita`
--

-- --------------------------------------------------------

--
-- Table structure for table `cart`
--

CREATE TABLE `cart` (
  `idcart` int(11) NOT NULL,
  `orderid` varchar(100) NOT NULL,
  `userid` int(11) NOT NULL,
  `tglorder` timestamp NOT NULL DEFAULT current_timestamp(),
  `status` varchar(10) NOT NULL DEFAULT 'Cart'
) ENGINE=InnoDB DEFAULT CHARSET=utf8mb4;

--
-- Dumping data for table `cart`
--

INSERT INTO `cart` (`idcart`, `orderid`, `userid`, `tglorder`, `status`) VALUES
(10, '15wKVT0nej25Y', 2, '2020-03-16 12:10:42', 'Selesai'),
(11, '15Swf8Ye0Fm.M', 2, '2020-03-16 12:17:34', 'Cart'),
(12, '15PzF03ejd8W2', 1, '2020-05-13 02:40:48', 'Confirmed'),
(13, '16Vs1oF5NN2mY', 3, '2022-07-23 15:33:32', 'Cart'),
(14, '16FdZQuJzycz.', 4, '2022-07-23 16:33:07', 'Payment'),
(15, '16dzjQ8pxCwhU', 4, '2022-07-23 17:10:33', 'Cart');

-- --------------------------------------------------------

--
-- Table structure for table `detailorder`
--

CREATE TABLE `detailorder` (
  `detailid` int(11) NOT NULL,
  `orderid` varchar(100) NOT NULL,
  `idproduk` int(11) NOT NULL,
  `qty` int(11) NOT NULL
) ENGINE=InnoDB DEFAULT CHARSET=utf8mb4;

--
-- Dumping data for table `detailorder`
--

INSERT INTO `detailorder` (`detailid`, `orderid`, `idproduk`, `qty`) VALUES
(13, '15wKVT0nej25Y', 1, 100),
(14, '15PzF03ejd8W2', 2, 1),
(15, '16Vs1oF5NN2mY', 2, 5),
(16, '16FdZQuJzycz.', 1, 5),
(17, '16dzjQ8pxCwhU', 1, 1),
(18, '16dzjQ8pxCwhU', 6, 1);

-- --------------------------------------------------------

--
-- Table structure for table `kategori`
--

CREATE TABLE `kategori` (
  `idkategori` int(11) NOT NULL,
  `namakategori` varchar(20) NOT NULL,
  `tgldibuat` timestamp NOT NULL DEFAULT current_timestamp()
) ENGINE=InnoDB DEFAULT CHARSET=utf8mb4;

--
-- Dumping data for table `kategori`
--

INSERT INTO `kategori` (`idkategori`, `namakategori`, `tgldibuat`) VALUES
(1, 'Buah-buahan', '2019-12-20 07:28:34'),
(2, 'Sayur-sayuran', '2019-12-20 07:34:17');

-- --------------------------------------------------------

--
-- Table structure for table `konfirmasi`
--

CREATE TABLE `konfirmasi` (
  `idkonfirmasi` int(11) NOT NULL,
  `orderid` varchar(100) NOT NULL,
  `userid` int(11) NOT NULL,
  `payment` varchar(10) NOT NULL,
  `namarekening` varchar(25) NOT NULL,
  `tglbayar` date NOT NULL,
  `tglsubmit` timestamp NOT NULL DEFAULT current_timestamp()
) ENGINE=InnoDB DEFAULT CHARSET=utf8mb4;

--
-- Dumping data for table `konfirmasi`
--

INSERT INTO `konfirmasi` (`idkonfirmasi`, `orderid`, `userid`, `payment`, `namarekening`, `tglbayar`, `tglsubmit`) VALUES
(1, '15PzF03ejd8W2', 1, 'Bank BCA', 'Admin', '2020-05-16', '2020-05-13 02:41:51');

-- --------------------------------------------------------

--
-- Table structure for table `login`
--

CREATE TABLE `login` (
  `userid` int(11) NOT NULL,
  `namalengkap` varchar(50) NOT NULL,
  `email` varchar(50) NOT NULL,
  `password` varchar(150) NOT NULL,
  `notelp` varchar(15) NOT NULL,
  `alamat` varchar(100) NOT NULL,
  `tgljoin` timestamp NOT NULL DEFAULT current_timestamp(),
  `role` varchar(7) NOT NULL DEFAULT 'Member',
  `lastlogin` timestamp NULL DEFAULT NULL
) ENGINE=InnoDB DEFAULT CHARSET=utf8mb4;

--
-- Dumping data for table `login`
--

INSERT INTO `login` (`userid`, `namalengkap`, `email`, `password`, `notelp`, `alamat`, `tgljoin`, `role`, `lastlogin`) VALUES
(1, 'Admin', 'admin', '$2y$10$GJVGd4ji3QE8ikTBzNyA0uLQhiGd6MirZeSJV1O6nUpjSVp1eaKzS', '01234567890', 'Indonesia', '2020-03-16 11:31:17', 'Admin', NULL),
(2, 'Guest', 'guest', '$2y$10$xXEMgj5pMT9EE0QAx3QW8uEn155Je.FHH5SuIATxVheOt0Z4rhK6K', '01234567890', 'Indonesia', '2020-03-16 11:30:40', 'Member', NULL),
(3, 'gustanto', 'sgustanto4@gmail.com', '$2y$10$vBmnoRCfSLzZitRajlMGpuBLJzZBLrUgsKg6JlZItOUMAXKHTpfzC', '1234', 'pamulang', '2022-07-23 15:33:22', 'Member', NULL),
(4, 'putra', 'putra@gmail.com', '$2y$10$ubg/jQz8dqXR1/hu6QW6huQP7yyemTbTqBGZYb7RT6q6zlWnksxBS', '123', 'paskda', '2022-07-23 16:26:10', 'Member', NULL);

-- --------------------------------------------------------

--
-- Table structure for table `pembayaran`
--

CREATE TABLE `pembayaran` (
  `no` int(11) NOT NULL,
  `metode` varchar(25) NOT NULL,
  `norek` varchar(25) NOT NULL,
  `logo` text DEFAULT NULL,
  `an` varchar(20) NOT NULL
) ENGINE=InnoDB DEFAULT CHARSET=utf8mb4;

--
-- Dumping data for table `pembayaran`
--

INSERT INTO `pembayaran` (`no`, `metode`, `norek`, `logo`, `an`) VALUES
(1, 'Bank BCA', '13131231231', 'images/bca.jpg', 'Tokopekita'),
(2, 'Bank Mandiri', '943248844843', 'images/mandiri.jpg', 'Tokopekita'),
(3, 'DANA', '0882313132123', 'images/dana.png', 'Tokopekita');

-- --------------------------------------------------------

--
-- Table structure for table `produk`
--

CREATE TABLE `produk` (
  `idproduk` int(11) NOT NULL,
  `idkategori` int(11) NOT NULL,
  `namaproduk` varchar(30) NOT NULL,
  `gambar` varchar(100) NOT NULL,
  `deskripsi` varchar(200) NOT NULL,
  `rate` int(11) NOT NULL,
  `hargabefore` int(11) NOT NULL,
  `hargaafter` int(11) NOT NULL,
  `tgldibuat` timestamp NOT NULL DEFAULT current_timestamp()
) ENGINE=InnoDB DEFAULT CHARSET=utf8mb4;

--
-- Dumping data for table `produk`
--

INSERT INTO `produk` (`idproduk`, `idkategori`, `namaproduk`, `gambar`, `deskripsi`, `rate`, `hargabefore`, `hargaafter`, `tgldibuat`) VALUES
(1, 1, 'Apel Malang', 'produk/apel.png', 'Apel segar dipetik langsung dari Malang, Jawa Timur', 5, 20000, 15000, '2019-12-20 09:10:26'),
(2, 1, 'Jeruk Mandarin', 'produk/Jeruk.png', 'Jerk segar henar untuk diperas ata dimakan langsung', 4, 24000, 18000, '2019-12-20 09:24:13'),
(4, 1, 'Pisang Sunpride', 'produk/pisang.png', 'Pisang sunpride penambah energimu', 5, 20000, 15000, '2022-07-23 16:22:10'),
(5, 2, 'Brokoli', 'produk/brokoli.png', 'brokoli segar', 5, 9000, 5000, '2022-07-23 17:21:12'),
(6, 2, 'cabai', 'produk/cabai.png', 'cabai pedas', 4, 100000, 80000, '2022-07-23 17:22:50'),
(7, 2, 'Kubis', 'produk/kubis.png', 'kubis segar', 5, 15000, 10000, '2022-07-23 17:23:50');

--
-- Indexes for dumped tables
--

--
-- Indexes for table `cart`
--
ALTER TABLE `cart`
  ADD PRIMARY KEY (`idcart`),
  ADD UNIQUE KEY `orderid` (`orderid`),
  ADD KEY `orderid_2` (`orderid`);

--
-- Indexes for table `detailorder`
--
ALTER TABLE `detailorder`
  ADD PRIMARY KEY (`detailid`),
  ADD KEY `orderid` (`orderid`),
  ADD KEY `idproduk` (`idproduk`);

--
-- Indexes for table `kategori`
--
ALTER TABLE `kategori`
  ADD PRIMARY KEY (`idkategori`);

--
-- Indexes for table `konfirmasi`
--
ALTER TABLE `konfirmasi`
  ADD PRIMARY KEY (`idkonfirmasi`),
  ADD KEY `userid` (`userid`);

--
-- Indexes for table `login`
--
ALTER TABLE `login`
  ADD PRIMARY KEY (`userid`);

--
-- Indexes for table `pembayaran`
--
ALTER TABLE `pembayaran`
  ADD PRIMARY KEY (`no`);

--
-- Indexes for table `produk`
--
ALTER TABLE `produk`
  ADD PRIMARY KEY (`idproduk`),
  ADD KEY `idkategori` (`idkategori`);

--
-- AUTO_INCREMENT for dumped tables
--

--
-- AUTO_INCREMENT for table `cart`
--
ALTER TABLE `cart`
  MODIFY `idcart` int(11) NOT NULL AUTO_INCREMENT, AUTO_INCREMENT=16;

--
-- AUTO_INCREMENT for table `detailorder`
--
ALTER TABLE `detailorder`
  MODIFY `detailid` int(11) NOT NULL AUTO_INCREMENT, AUTO_INCREMENT=19;

--
-- AUTO_INCREMENT for table `kategori`
--
ALTER TABLE `kategori`
  MODIFY `idkategori` int(11) NOT NULL AUTO_INCREMENT, AUTO_INCREMENT=4;

--
-- AUTO_INCREMENT for table `konfirmasi`
--
ALTER TABLE `konfirmasi`
  MODIFY `idkonfirmasi` int(11) NOT NULL AUTO_INCREMENT, AUTO_INCREMENT=2;

--
-- AUTO_INCREMENT for table `login`
--
ALTER TABLE `login`
  MODIFY `userid` int(11) NOT NULL AUTO_INCREMENT, AUTO_INCREMENT=5;

--
-- AUTO_INCREMENT for table `pembayaran`
--
ALTER TABLE `pembayaran`
  MODIFY `no` int(11) NOT NULL AUTO_INCREMENT, AUTO_INCREMENT=4;

--
-- AUTO_INCREMENT for table `produk`
--
ALTER TABLE `produk`
  MODIFY `idproduk` int(11) NOT NULL AUTO_INCREMENT, AUTO_INCREMENT=8;

--
-- Constraints for dumped tables
--

--
-- Constraints for table `detailorder`
--
ALTER TABLE `detailorder`
  ADD CONSTRAINT `idproduk` FOREIGN KEY (`idproduk`) REFERENCES `produk` (`idproduk`) ON DELETE CASCADE ON UPDATE CASCADE,
  ADD CONSTRAINT `orderid` FOREIGN KEY (`orderid`) REFERENCES `cart` (`orderid`) ON DELETE CASCADE ON UPDATE CASCADE;

--
-- Constraints for table `konfirmasi`
--
ALTER TABLE `konfirmasi`
  ADD CONSTRAINT `userid` FOREIGN KEY (`userid`) REFERENCES `login` (`userid`) ON DELETE CASCADE ON UPDATE CASCADE;

--
-- Constraints for table `produk`
--
ALTER TABLE `produk`
  ADD CONSTRAINT `idkategori` FOREIGN KEY (`idkategori`) REFERENCES `kategori` (`idkategori`) ON DELETE CASCADE ON UPDATE CASCADE;
COMMIT;

/*!40101 SET CHARACTER_SET_CLIENT=@OLD_CHARACTER_SET_CLIENT */;
/*!40101 SET CHARACTER_SET_RESULTS=@OLD_CHARACTER_SET_RESULTS */;
/*!40101 SET COLLATION_CONNECTION=@OLD_COLLATION_CONNECTION */;
